{
  "queries": [
    {
      "id": "q0",
      "timestamp": "2025-07-29T11:15:58.211938",
      "epsilon_used": 0.0001
    },
    {
      "id": "q1",
      "timestamp": "2025-07-29T11:15:58.211938",
      "epsilon_used": 0.0001
    },
    {
      "id": "q2",
      "timestamp": "2025-07-29T11:15:58.211938",
      "epsilon_used": 0.0001
    },
    {
      "id": "q3",
      "timestamp": "2025-07-29T11:15:58.211938",
      "epsilon_used": 0.0001
    },
    {
      "id": "q4",
      "timestamp": "2025-07-29T11:15:58.211938",
      "epsilon_used": 0.0001
    },
    {
      "id": "q5",
      "timestamp": "2025-07-29T11:15:58.211938",
      "epsilon_used": 0.0001
    },
    {
      "id": "q6",
      "timestamp": "2025-07-29T11:15:58.211938",
      "epsilon_used": 0.0001
    },
    {
      "id": "q7",
      "timestamp": "2025-07-29T11:15:58.211938",
      "epsilon_used": 0.0001
    },
    {
      "id": "q8",
      "timestamp": "2025-07-29T11:15:58.211938",
      "epsilon_used": 0.0001
    },
    {
      "id": "q9",
      "timestamp": "2025-07-29T11:15:58.211938",
      "epsilon_used": 0.0001
    },
    {
      "id": "q10",
      "timestamp": "2025-07-29T11:15:58.211938",
      "epsilon_used": 0.0001
    },
    {
      "id": "q11",
      "timestamp": "2025-07-29T11:15:58.211938",
      "epsilon_used": 0.0001
    },
    {
      "id": "q12",
      "timestamp": "2025-07-29T11:15:58.211938",
      "epsilon_used": 0.0001
    },
    {
      "id": "q13",
      "timestamp": "2025-07-29T11:15:58.211938",
      "epsilon_used": 0.0001
    },
    {
      "id": "q14",
      "timestamp": "2025-07-29T11:15:58.211938",
      "epsilon_used": 0.0001
    },
    {
      "id": "q15",
      "timestamp": "2025-07-29T11:15:58.211938",
      "epsilon_used": 0.0001
    },
    {
      "id": "q16",
      "timestamp": "2025-07-29T11:15:58.211938",
      "epsilon_used": 0.0001
    },
    {
      "id": "q17",
      "timestamp": "2025-07-29T11:15:58.211938",
      "epsilon_used": 0.0001
    },
    {
      "id": "q18",
      "timestamp": "2025-07-29T11:15:58.211938",
      "epsilon_used": 0.0001
    },
    {
      "id": "q19",
      "timestamp": "2025-07-29T11:15:58.211938",
      "epsilon_used": 0.0001
    },
    {
      "id": "q20",
      "timestamp": "2025-07-29T11:15:58.211938",
      "epsilon_used": 0.0001
    },
    {
      "id": "q21",
      "timestamp": "2025-07-29T11:15:58.211938",
      "epsilon_used": 0.0001
    },
    {
      "id": "q22",
      "timestamp": "2025-07-29T11:15:58.211938",
      "epsilon_used": 0.0001
    },
    {
      "id": "q23",
      "timestamp": "2025-07-29T11:15:58.211938",
      "epsilon_used": 0.0001
    },
    {
      "id": "q24",
      "timestamp": "2025-07-29T11:15:58.211938",
      "epsilon_used": 0.0001
    },
    {
      "id": "q25",
      "timestamp": "2025-07-29T11:15:58.211938",
      "epsilon_used": 0.0001
    },
    {
      "id": "q26",
      "timestamp": "2025-07-29T11:15:58.211938",
      "epsilon_used": 0.0001
    },
    {
      "id": "q27",
      "timestamp": "2025-07-29T11:15:58.211938",
      "epsilon_used": 0.0001
    },
    {
      "id": "q28",
      "timestamp": "2025-07-29T11:15:58.211938",
      "epsilon_used": 0.0001
    },
    {
      "id": "q29",
      "timestamp": "2025-07-29T11:15:58.211938",
      "epsilon_used": 0.0001
    },
    {
      "id": "q30",
      "timestamp": "2025-07-29T11:15:58.211938",
      "epsilon_used": 0.0001
    },
    {
      "id": "q31",
      "timestamp": "2025-07-29T11:15:58.211938",
      "epsilon_used": 0.0001
    },
    {
      "id": "q32",
      "timestamp": "2025-07-29T11:15:58.211938",
      "epsilon_used": 0.0001
    },
    {
      "id": "q33",
      "timestamp": "2025-07-29T11:15:58.211938",
      "epsilon_used": 0.0001
    },
    {
      "id": "q34",
      "timestamp": "2025-07-29T11:15:58.211938",
      "epsilon_used": 0.0001
    },
    {
      "id": "q35",
      "timestamp": "2025-07-29T11:15:58.211938",
      "epsilon_used": 0.0001
    },
    {
      "id": "q36",
      "timestamp": "2025-07-29T11:15:58.211938",
      "epsilon_used": 0.0001
    },
    {
      "id": "q37",
      "timestamp": "2025-07-29T11:15:58.211938",
      "epsilon_used": 0.0001
    },
    {
      "id": "q38",
      "timestamp": "2025-07-29T11:15:58.211938",
      "epsilon_used": 0.0001
    },
    {
      "id": "q39",
      "timestamp": "2025-07-29T11:15:58.211938",
      "epsilon_used": 0.0001
    },
    {
      "id": "q40",
      "timestamp": "2025-07-29T11:15:58.211938",
      "epsilon_used": 0.0001
    },
    {
      "id": "q41",
      "timestamp": "2025-07-29T11:15:58.211938",
      "epsilon_used": 0.0001
    },
    {
      "id": "q42",
      "timestamp": "2025-07-29T11:15:58.211938",
      "epsilon_used": 0.0001
    },
    {
      "id": "q43",
      "timestamp": "2025-07-29T11:15:58.211938",
      "epsilon_used": 0.0001
    },
    {
      "id": "q44",
      "timestamp": "2025-07-29T11:15:58.211938",
      "epsilon_used": 0.0001
    },
    {
      "id": "q45",
      "timestamp": "2025-07-29T11:15:58.211938",
      "epsilon_used": 0.0001
    },
    {
      "id": "q46",
      "timestamp": "2025-07-29T11:15:58.211938",
      "epsilon_used": 0.0001
    },
    {
      "id": "q47",
      "timestamp": "2025-07-29T11:15:58.211938",
      "epsilon_used": 0.0001
    },
    {
      "id": "q48",
      "timestamp": "2025-07-29T11:15:58.211938",
      "epsilon_used": 0.0001
    },
    {
      "id": "q49",
      "timestamp": "2025-07-29T11:15:58.211938",
      "epsilon_used": 0.0001
    },
    {
      "id": "q50",
      "timestamp": "2025-07-29T11:15:58.211938",
      "epsilon_used": 0.0001
    },
    {
      "id": "q51",
      "timestamp": "2025-07-29T11:15:58.211938",
      "epsilon_used": 0.0001
    },
    {
      "id": "q52",
      "timestamp": "2025-07-29T11:15:58.211938",
      "epsilon_used": 0.0001
    },
    {
      "id": "q53",
      "timestamp": "2025-07-29T11:15:58.211938",
      "epsilon_used": 0.0001
    },
    {
      "id": "q54",
      "timestamp": "2025-07-29T11:15:58.211938",
      "epsilon_used": 0.0001
    },
    {
      "id": "q55",
      "timestamp": "2025-07-29T11:15:58.211938",
      "epsilon_used": 0.0001
    },
    {
      "id": "q56",
      "timestamp": "2025-07-29T11:15:58.211938",
      "epsilon_used": 0.0001
    },
    {
      "id": "q57",
      "timestamp": "2025-07-29T11:15:58.211938",
      "epsilon_used": 0.0001
    },
    {
      "id": "q58",
      "timestamp": "2025-07-29T11:15:58.211938",
      "epsilon_used": 0.0001
    },
    {
      "id": "q59",
      "timestamp": "2025-07-29T11:15:58.211938",
      "epsilon_used": 0.0001
    },
    {
      "id": "q60",
      "timestamp": "2025-07-29T11:15:58.211938",
      "epsilon_used": 0.0001
    },
    {
      "id": "q61",
      "timestamp": "2025-07-29T11:15:58.211938",
      "epsilon_used": 0.0001
    },
    {
      "id": "q62",
      "timestamp": "2025-07-29T11:15:58.211938",
      "epsilon_used": 0.0001
    },
    {
      "id": "q63",
      "timestamp": "2025-07-29T11:15:58.211938",
      "epsilon_used": 0.0001
    },
    {
      "id": "q64",
      "timestamp": "2025-07-29T11:15:58.211938",
      "epsilon_used": 0.0001
    },
    {
      "id": "q65",
      "timestamp": "2025-07-29T11:15:58.211938",
      "epsilon_used": 0.0001
    },
    {
      "id": "q66",
      "timestamp": "2025-07-29T11:15:58.211938",
      "epsilon_used": 0.0001
    },
    {
      "id": "q67",
      "timestamp": "2025-07-29T11:15:58.211938",
      "epsilon_used": 0.0001
    },
    {
      "id": "q68",
      "timestamp": "2025-07-29T11:15:58.211938",
      "epsilon_used": 0.0001
    },
    {
      "id": "q69",
      "timestamp": "2025-07-29T11:15:58.211938",
      "epsilon_used": 0.0001
    },
    {
      "id": "q70",
      "timestamp": "2025-07-29T11:15:58.211938",
      "epsilon_used": 0.0001
    },
    {
      "id": "q71",
      "timestamp": "2025-07-29T11:15:58.211938",
      "epsilon_used": 0.0001
    },
    {
      "id": "q72",
      "timestamp": "2025-07-29T11:15:58.211938",
      "epsilon_used": 0.0001
    },
    {
      "id": "q73",
      "timestamp": "2025-07-29T11:15:58.211938",
      "epsilon_used": 0.0001
    },
    {
      "id": "q74",
      "timestamp": "2025-07-29T11:15:58.211938",
      "epsilon_used": 0.0001
    },
    {
      "id": "q75",
      "timestamp": "2025-07-29T11:15:58.211938",
      "epsilon_used": 0.0001
    },
    {
      "id": "q76",
      "timestamp": "2025-07-29T11:15:58.211938",
      "epsilon_used": 0.0001
    },
    {
      "id": "q77",
      "timestamp": "2025-07-29T11:15:58.211938",
      "epsilon_used": 0.0001
    },
    {
      "id": "q78",
      "timestamp": "2025-07-29T11:15:58.211938",
      "epsilon_used": 0.0001
    },
    {
      "id": "q79",
      "timestamp": "2025-07-29T11:15:58.211938",
      "epsilon_used": 0.0001
    },
    {
      "id": "q80",
      "timestamp": "2025-07-29T11:15:58.211938",
      "epsilon_used": 0.0001
    },
    {
      "id": "q81",
      "timestamp": "2025-07-29T11:15:58.211938",
      "epsilon_used": 0.0001
    },
    {
      "id": "q82",
      "timestamp": "2025-07-29T11:15:58.211938",
      "epsilon_used": 0.0001
    },
    {
      "id": "q83",
      "timestamp": "2025-07-29T11:15:58.211938",
      "epsilon_used": 0.0001
    },
    {
      "id": "q84",
      "timestamp": "2025-07-29T11:15:58.211938",
      "epsilon_used": 0.0001
    },
    {
      "id": "q85",
      "timestamp": "2025-07-29T11:15:58.211938",
      "epsilon_used": 0.0001
    },
    {
      "id": "q86",
      "timestamp": "2025-07-29T11:15:58.211938",
      "epsilon_used": 0.0001
    },
    {
      "id": "q87",
      "timestamp": "2025-07-29T11:15:58.211938",
      "epsilon_used": 0.0001
    },
    {
      "id": "q88",
      "timestamp": "2025-07-29T11:15:58.211938",
      "epsilon_used": 0.0001
    },
    {
      "id": "q89",
      "timestamp": "2025-07-29T11:15:58.211938",
      "epsilon_used": 0.0001
    },
    {
      "id": "q90",
      "timestamp": "2025-07-29T11:15:58.211938",
      "epsilon_used": 0.0001
    },
    {
      "id": "q91",
      "timestamp": "2025-07-29T11:15:58.211938",
      "epsilon_used": 0.0001
    },
    {
      "id": "q92",
      "timestamp": "2025-07-29T11:15:58.211938",
      "epsilon_used": 0.0001
    },
    {
      "id": "q93",
      "timestamp": "2025-07-29T11:15:58.211938",
      "epsilon_used": 0.0001
    },
    {
      "id": "q94",
      "timestamp": "2025-07-29T11:15:58.211938",
      "epsilon_used": 0.0001
    },
    {
      "id": "q95",
      "timestamp": "2025-07-29T11:15:58.211938",
      "epsilon_used": 0.0001
    },
    {
      "id": "q96",
      "timestamp": "2025-07-29T11:15:58.211938",
      "epsilon_used": 0.0001
    },
    {
      "id": "q97",
      "timestamp": "2025-07-29T11:15:58.211938",
      "epsilon_used": 0.0001
    },
    {
      "id": "q98",
      "timestamp": "2025-07-29T11:15:58.211938",
      "epsilon_used": 0.0001
    },
    {
      "id": "q99",
      "timestamp": "2025-07-29T11:15:58.211938",
      "epsilon_used": 0.0001
    }
  ]
}